Timestamp,Sender,Receiver(s),IMEI,CellTowerID,Location,Message,
03/01/2026 10:12,Shadz,Tonez,3.5691E+14,CT-9012,Eastmere (52.4871,-1.9437),yo u about bro? need them biscuits boxed proper dis time.
03/01/2026 10:13,Tonez,Shadz,3.5691E+14,CT-9321,Briars End (52.6145,-1.9913),"yh boss, dem got wet last run. sortin new wrap asap."
03/01/2026 10:14,Shadz,Tonez,3.5691E+14,CT-9012,Eastmere (52.4871,-1.9437),"cool. check lil D, he late wid paint drop."
03/01/2026 10:16,Tonez,Lil D,3.5691E+14,CT-9321,Briars End (52.6145,-1.9913),king say u slippin g. bring da paint by 2.
03/01/2026 10:18,Lil D,Tonez,3.5691E+14,CT-9644,Kingsport (52.5432,-2.0501),"on my way fam, traffic mad out by low rd"
03/01/2026 13:57,Marnz,Shadz,3.5691E+14,CT-8754,Lowfield (52.4322,-2.1112),"yo boss got all cables tagged, stash clean."
03/01/2026 14:02,Shadz,Marnz,3.5691E+14,CT-9012,Eastmere (52.4871,-1.9437),"pattern nice. keep half, move rest tuez."
04/01/2026 09:36,Lil D,Tonez,3.5691E+14,CT-9790,Kingsport (52.5438,-2.0510),got chased by d’s yest. layin low in briars.
04/01/2026 09:40,Tonez,Shadz,3.5691E+14,CT-9321,Briars End (52.6145,-1.9913),"lil d say ops near hollfield, maybe heat comin."
04/01/2026 09:41,Shadz,Tonez,3.5691E+14,CT-9012,Eastmere (52.4871,-1.9437),tell em chill. don’t ride wit paint today.
04/01/2026 19:44,Faye,Shadz,3.56911E+14,CT-8123,Oldmere (52.4989,-1.9512),left ur crate bk of shop. no1 saw.
05/01/2026 11:10,Shadz,Faye,3.5691E+14,CT-9012,Eastmere (52.4871,-1.9437),safe. u get them limes sorted for nex run?
05/01/2026 11:14,Faye,Shadz,3.56911E+14,CT-8123,Oldmere (52.4989,-1.9512),"half done, one box still short tho."
06/01/2026 08:23,Tonez,Marnz,3.5691E+14,CT-9321,Briars End (52.6145,-1.9913),"yo m, king want count check on biscuits lot."
06/01/2026 08:29,Marnz,Tonez,3.5691E+14,CT-8754,Lowfield (52.4322,-2.1112),"copy tha. got 48 left, clean packs."
06/01/2026 12:31,Lil D,Tonez,3.5691E+14,CT-9644,Kingsport (52.5432,-2.0501),"my sim buggin, switchin card now."
06/01/2026 12:32,Lil D,Tonez,3.5691E+14,CT-9811,Kingsport (52.5433,-2.0509),"new num same me, note dat g"
06/01/2026 13:11,Shadz,Tonez,3.5691E+14,CT-9012,Eastmere (52.4871,-1.9437),u start pushin again 2nite small lot.
07/01/2026 10:44,Marnz,Lil D,3.5691E+14,CT-8740,Lowfield (52.4321,-2.1101),"yo d, u still got them cables?"
07/01/2026 10:47,Lil D,Marnz,3.5691E+14,CT-9811,Kingsport (52.5433,-2.0509),nah fam moved dem yest by east gate
07/01/2026 12:05,Shadz,Faye,3.5691E+14,CT-9012,Eastmere (52.4871,-1.9437),"keep ears open round oldmere, word travel fast."
09/01/2026 20:34,Faye,Tonez,3.56911E+14,CT-8123,Oldmere (52.4989,-1.9512),"seen motor roll past twice, same plates as b4."
09/01/2026 20:38,Tonez,Shadz,3.5691E+14,CT-9321,Briars End (52.6145,-1.9913),eye on that black astra in old side. could be them.
09/01/2026 20:40,Shadz,All,3.5691E+14,CT-9012,Eastmere (52.4871,-1.9437),"lock off for night, no moves til morn."
10/01/2026 11:26,Lil D,Tonez,3.5691E+14,CT-9811,Kingsport (52.5433,-2.0509),back active tday?
10/01/2026 11:28,Tonez,Lil D,3.5691E+14,CT-9321,Briars End (52.6145,-1.9913),"yeah easy loads, no bigs."
10/01/2026 12:00,Shadz,Tonez,3.5691E+14,CT-9012,Eastmere (52.4871,-1.9437),"keep it light, no big carts."
11/01/2026 09:11,Marnz,Shadz,3.5691E+14,CT-8754,Lowfield (52.4322,-2.1112),"fresh paint in, bit short on wrap."
11/01/2026 09:13,Shadz,Marnz,3.5691E+14,CT-9012,Eastmere (52.4871,-1.9437),"send pics later, i’ll top u."
12/01/2026 15:44,Lil D,Tonez,3.5691E+14,CT-9811,Kingsport (52.5433,-2.0509),"phone actin weird, might swap again soon."
12/01/2026 15:46,Tonez,Shadz,3.5691E+14,CT-9321,Briars End (52.6145,-1.9913),"d talkin swap again, maybe switch sim 2nite."
13/01/2026 18:03,Faye,Shadz,3.56911E+14,CT-8123,Oldmere (52.4989,-1.9512),fox still lurkin near storehouse.
13/01/2026 18:05,Shadz,Faye,3.5691E+14,CT-9012,Eastmere (52.4871,-1.9437),"stay back, no visits after six."
14/01/2026 10:51,Tonez,Lil D,3.5691E+14,CT-9321,Briars End (52.6145,-1.9913),bring two boxes biscuits over north gate tmrw.
14/01/2026 10:55,Lil D,Tonez,3.5691E+14,CT-9811,Kingsport (52.5433,-2.0509),"copy dat, 10ish yeah?"
14/01/2026 22:03,Marnz,Faye,3.5691E+14,CT-8740,Lowfield (52.4321,-2.1101),u still keep spares of wrap?
14/01/2026 22:06,Faye,Marnz,3.56911E+14,CT-8123,Oldmere (52.4989,-1.9512),"few rolls left, pick up morn?"
15/01/2026 07:39,Shadz,All,3.5691E+14,CT-9012,Eastmere (52.4871,-1.9437),new week same code: lime always green.
16/01/2026 20:13,Lil D,Tonez,3.5691E+14,CT-9811,Kingsport (52.5433,-2.0509),"line gone quiet, ppl askin if dry."
16/01/2026 20:15,Tonez,Shadz,3.5691E+14,CT-9321,Briars End (52.6145,-1.9913),"streets buzzin again, need reload soon."
16/01/2026 20:17,Shadz,Tonez,3.5691E+14,CT-9012,Eastmere (52.4871,-1.9437),sit tight til sunday. heat still round low side.
17/01/2026 14:41,Faye,Shadz,3.56911E+14,CT-8123,Oldmere (52.4989,-1.9512),"marked van back on route, same driver."
17/01/2026 14:45,Shadz,Faye,3.5691E+14,CT-9012,Eastmere (52.4871,-1.9437),"noted, prob scouts. keep head down."
18/01/2026 09:09,Marnz,Tonez,3.5691E+14,CT-8754,Lowfield (52.4322,-2.1112),"road block on hill rd, use back exit if movin stock."
18/01/2026 09:12,Tonez,Marnz,3.5691E+14,CT-9321,Briars End (52.6145,-1.9913),good lookin out fam.
19/01/2026 17:22,Lil D,Tonez,3.5691E+14,CT-9811,Kingsport (52.5433,-2.0509),"old phone dead, grab new sim now."
19/01/2026 17:23,Lil D,Tonez,3.5691E+14,CT-9812,Kingsport (52.5434,-2.0508),"fresh num endin 82, me still d."
19/01/2026 17:31,Tonez,Shadz,3.5691E+14,CT-9321,Briars End (52.6145,-1.9913),"d switched again, keep eye on id."
20/01/2026 13:09,Shadz,Tonez,3.5691E+14,CT-9012,Eastmere (52.4871,-1.9437),"ok, log it. same code words stay."
20/01/2026 22:41,Faye,Marnz,3.56911E+14,CT-8123,Oldmere (52.4989,-1.9512),"wrap short again, get more rolls tmrw?"
21/01/2026 09:55,Marnz,Faye,3.5691E+14,CT-8754,Lowfield (52.4322,-2.1112),"yh i’ll swing by, early light."
21/01/2026 20:22,Shadz,All,3.5691E+14,CT-9012,Eastmere (52.4871,-1.9437),every1 cool? area warmin again.
21/01/2026 20:24,Tonez,Shadz,3.5691E+14,CT-9321,Briars End (52.6145,-1.9913),"all calm boss, movin lowkey round briars."
22/01/2026 08:10,Lil D,Tonez,3.5691E+14,CT-9812,Kingsport (52.5434,-2.0508),"got them limes boxed, 12 full."
22/01/2026 08:13,Tonez,Lil D,3.5691E+14,CT-9321,Briars End (52.6145,-1.9913),push half north side after lunch.
23/01/2026 11:34,Faye,Shadz,3.56911E+14,CT-8123,Oldmere (52.4989,-1.9512),"heard talk bout raids east side, true?"
23/01/2026 11:36,Shadz,Faye,3.5691E+14,CT-9012,Eastmere (52.4871,-1.9437),"they sniffin dif crew, we fine but stay ghost."
23/01/2026 18:59,Marnz,Tonez,3.5691E+14,CT-8754,Lowfield (52.4322,-2.1112),"got spare wrap now, left em near lock up."
24/01/2026 09:42,Lil D,Marnz,3.5691E+14,CT-9812,Kingsport (52.5434,-2.0508),u still got them cables?
24/01/2026 09:43,Marnz,Lil D,3.5691E+14,CT-8754,Lowfield (52.4322,-2.1112),"few left bruv, meet bridge noon."
25/01/2026 12:30,Faye,Tonez,3.56911E+14,CT-8123,Oldmere (52.4989,-1.9512),"crate leakin, might lose 1 pack biscuits."
25/01/2026 12:34,Tonez,Faye,3.5691E+14,CT-9321,Briars End (52.6145,-1.9913),"wrap again n dry it, no toss til king say."
26/01/2026 16:17,Shadz,All,3.5691E+14,CT-9012,Eastmere (52.4871,-1.9437),heat drop a bit. shift paint as planned.
26/01/2026 17:44,Lil D,Tonez,3.5691E+14,CT-9812,Kingsport (52.5434,-2.0508),"run done, no eyes on me."
26/01/2026 17:47,Tonez,Shadz,3.5691E+14,CT-9321,Briars End (52.6145,-1.9913),"low run smooth, all clean boss."
27/01/2026 08:21,Shadz,Marnz,3.5691E+14,CT-9012,Eastmere (52.4871,-1.9437),"collect old boxes, clear tracks."
27/01/2026 08:22,Marnz,Shadz,3.5691E+14,CT-8754,Lowfield (52.4322,-2.1112),"done by noon, no trace left."
28/01/2026 19:03,Lil D,Tonez,3.5691E+14,CT-9812,Kingsport (52.5434,-2.0508),bro my card dead again 😡 switch sim once more
28/01/2026 19:04,Lil D,Tonez,3.5691E+14,CT-9813,Kingsport (52.5435,-2.0507),new imei new me 😂 keep dis one
29/01/2026 09:11,Tonez,Shadz,3.5691E+14,CT-9321,Briars End (52.6145,-1.9913),"d on 3rd sim now, still same talk style tho lol."
29/01/2026 09:12,Shadz,Tonez,3.5691E+14,CT-9012,Eastmere (52.4871,-1.9437),ye can tell by typos 😂
30/01/2026 14:35,Faye,Shadz,3.56911E+14,CT-8123,Oldmere (52.4989,-1.9512),"line clear again, stash locked."
30/01/2026 14:38,Shadz,Faye,3.5691E+14,CT-9012,Eastmere (52.4871,-1.9437),"appreciate u, same pattern next week."
31/01/2026 10:27,Marnz,Tonez,3.5691E+14,CT-8754,Lowfield (52.4322,-2.1112),u still need wraps fam?
31/01/2026 10:30,Tonez,Marnz,3.5691E+14,CT-9321,Briars End (52.6145,-1.9913),nah stash fine. talk to d for run plan.
31/01/2026 20:49,Lil D,Marnz,3.5691E+14,CT-9813,Kingsport (52.5435,-2.0507),late mov tnite for small paint batch ok?
31/01/2026 20:52,Marnz,Lil D,3.5691E+14,CT-8754,Lowfield (52.4322,-2.1112),"cool, keep low lights off east side."
01/02/2026 09:40,Shadz,All,3.5691E+14,CT-9012,Eastmere (52.4871,-1.9437),week new quota start tmrw. prep biscuits early.
01/02/2026 09:50,Tonez,Lil D,3.5691E+14,CT-9321,Briars End (52.6145,-1.9913),bring wrappers and markers too.
01/02/2026 09:53,Lil D,Tonez,3.5691E+14,CT-9813,Kingsport (52.5435,-2.0507),"got em packed, see u by nine."
01/02/2026 22:11,Faye,Shadz,3.56911E+14,CT-8123,Oldmere (52.4989,-1.9512),saw flashlights near lock spot again.
01/02/2026 22:15,Shadz,Faye,3.5691E+14,CT-9012,Eastmere (52.4871,-1.9437),"prob kids messin, but move crate monday."
02/02/2026 09:15,Marnz,Shadz,3.5691E+14,CT-8754,Lowfield (52.4322,-2.1112),"feb start strong boss, every1 ready."
02/02/2026 09:18,Shadz,Marnz,3.5691E+14,CT-9012,Eastmere (52.4871,-1.9437),"nice 1, push calm we good."
03/02/2026 08:26,Tonez,Lil D,3.5691E+14,CT-9321,Briars End (52.6145,-1.9913),how’s new sim holdin fam?
03/02/2026 08:28,Lil D,Tonez,3.5691E+14,CT-9813,Kingsport (52.5435,-2.0507),"smooth rn, data fast 💪"
03/02/2026 12:15,Faye,Marnz,3.56911E+14,CT-8123,Oldmere (52.4989,-1.9512),u want i restock wraps now or sat?
03/02/2026 12:18,Marnz,Faye,3.5691E+14,CT-8754,Lowfield (52.4322,-2.1112),"sat best, roadworks eastbound messy."
04/02/2026 17:09,Lil D,Shadz,3.5691E+14,CT-9813,Kingsport (52.5435,-2.0507),heard chat bout cop vans lowfield way.
04/02/2026 17:12,Shadz,Lil D,3.5691E+14,CT-9012,Eastmere (52.4871,-1.9437),"chill, false alarm last time too."
05/02/2026 10:31,Tonez,Faye,3.5691E+14,CT-9321,Briars End (52.6145,-1.9913),"run short of markers, got any spare?"
05/02/2026 10:34,Faye,Tonez,3.56911E+14,CT-8123,Oldmere (52.4989,-1.9512),"few left in back crate, come grab."
05/02/2026 21:58,Marnz,Shadz,3.5691E+14,CT-8754,Lowfield (52.4322,-2.1112),"biscuits cleared, clean job."
06/02/2026 09:55,Shadz,Marnz,3.5691E+14,CT-9012,Eastmere (52.4871,-1.9437),"solid work, restock monday."
06/02/2026 20:04,Lil D,Tonez,3.5691E+14,CT-9813,Kingsport (52.5435,-2.0507),heard some1 new round briars ask weird.
06/02/2026 20:07,Tonez,Shadz,3.5691E+14,CT-9321,Briars End (52.6145,-1.9913),new face sniffin maybe rival.
06/02/2026 20:08,Shadz,All,3.5691E+14,CT-9012,Eastmere (52.4871,-1.9437),keep ur heads low till i say.
07/02/2026 12:28,Faye,Shadz,3.56911E+14,CT-8123,Oldmere (52.4989,-1.9512),u need lime count sheet this week?
07/02/2026 12:30,Shadz,Faye,3.5691E+14,CT-9012,Eastmere (52.4871,-1.9437),ye send it monday mrn.
08/02/2026 09:43,Tonez,Marnz,3.5691E+14,CT-9321,Briars End (52.6145,-1.9913),got msg from d he off net again 😂
08/02/2026 09:45,Marnz,Tonez,3.5691E+14,CT-8754,Lowfield (52.4322,-2.1112),bro swaps phones like socks
09/02/2026 14:02,Lil D,Tonez,3.5691E+14,CT-9813,Kingsport (52.5435,-2.0507),"bk on now g, sorry phone popd."
09/02/2026 14:04,Tonez,Shadz,3.5691E+14,CT-9321,Briars End (52.6145,-1.9913),d resurrected 😂 still flowin lines fine.
10/02/2026 07:21,Shadz,All,3.5691E+14,CT-9012,Eastmere (52.4871,-1.9437),"jak it up lads, month end check soon."
10/02/2026 09:48,Marnz,Faye,3.5691E+14,CT-8754,Lowfield (52.4322,-2.1112),"wrap count done, 22 rolls left."
10/02/2026 09:50,Faye,Marnz,3.56911E+14,CT-8123,Oldmere (52.4989,-1.9512),"cool keep 10, pass rest tonez."
10/02/2026 19:24,Lil D,Shadz,3.5691E+14,CT-9813,Kingsport (52.5435,-2.0507),mid run fine. think we clear now.
10/02/2026 19:27,Shadz,Lil D,3.5691E+14,CT-9012,Eastmere (52.4871,-1.9437),"sound, stay that way."
11/02/2026 08:01,Tonez,Shadz,3.5691E+14,CT-9321,Briars End (52.6145,-1.9913),"all stock finalised, good pull this round."
11/02/2026 08:05,Shadz,Tonez,3.5691E+14,CT-9012,Eastmere (52.4871,-1.9437),"top work my g, next schedule in two weeks."
11/02/2026 08:07,Shadz,All,3.5691E+14,CT-9012,Eastmere (52.4871,-1.9437),end log batch1 complete.